Date,Location,Price,Description,Link
Oggi alle 16:29,Pavia ,6.200 €,RENAULT Clio 1.2 75CV 5 porte Wave,https://www.subito.it/auto/renault-clio-1-2-75cv-5-porte-wave-pavia-352388920.htm
Oggi alle 16:22,Pavia ,4.800 €,RENAULT Scenic 1.6 dCi 130CV S&S NAVIGATORE BLUE,https://www.subito.it/auto/renault-scenic-1-6-dci-130cv-s-s-navigatore-blue-pavia-352387590.htm
Oggi alle 15:18,Pavia ,25.000 €,CITROEN SM Maserati 2.7,https://www.subito.it/auto/citroen-sm-maserati-2-7-pavia-352375111.htm
Oggi alle 10:19,Pavia ,4.900 €,MERCEDES Classe A 170 Benz. Automatica,https://www.subito.it/auto/mercedes-classe-a-170-benz-automatica-pavia-352325845.htm
Oggi alle 09:26,Pavia ,1 €,VOLKSWAGEN Golf 3ª serie - 1995,https://www.subito.it/auto/volkswagen-golf-3-serie-1995-pavia-352315763.htm
Oggi alle 02:59,Pavia ,22.000 €,Peugeot 172 bc,https://www.subito.it/auto/peugeot-172-bc-pavia-346852560.htm
Ieri alle 22:22,Pavia ,2.450 €,LANCIA Ypsilon 1.2 Argento OK NEOPATENTATI,https://www.subito.it/auto/lancia-ypsilon-1-2-argento-ok-neopatentati-pavia-352297760.htm
Ieri alle 21:37,Pavia ,2.700 €,FORD Fiesta 2009--1.2 Benzina EURO5,https://www.subito.it/auto/ford-fiesta-2009-1-2-benzina-euro5-pavia-352287814.htm
Ieri alle 21:02,Pavia ,80.000 €,Ford f100 pick up,https://www.subito.it/auto/ford-f100-pick-up-pavia-352284453.htm
Ieri alle 20:52,Pavia ,1.400 €,Fiat 600 2007--1.1 Benzina Neopatentati,https://www.subito.it/auto/fiat-600-2007-1-1-benzina-neopatentati-pavia-352281527.htm
Ieri alle 20:43,Pavia ,2.600 €,Opel Astra 2009-1.4 Benzina GPL Neopatentati,https://www.subito.it/auto/opel-astra-2009-1-4-benzina-gpl-neopatentati-pavia-352280683.htm
Ieri alle 20:33,Pavia ,3.400 €,DACIA Sandero 2013--1.2 Benzina GPL Neopatentati,https://www.subito.it/auto/dacia-sandero-2013-1-2-benzina-gpl-neopatentati-pavia-352279940.htm
Ieri alle 20:24,Pavia ,6.700 €,FORD Fiesta 2016--1.5 Diesel Neopatentati EU6B,https://www.subito.it/auto/ford-fiesta-2016-1-5-diesel-neopatentati-eu6b-pavia-352279185.htm
Ieri alle 19:04,Pavia ,2.400 €,OPEL Meriva 2010--1.4 Benzina/GPL Neopatentati,https://www.subito.it/auto/opel-meriva-2010-1-4-benzina-gpl-neopatentati-pavia-352278314.htm
Ieri alle 18:31,Pavia ,3.000 €,Panda 1.2 Dynamic,https://www.subito.it/auto/panda-1-2-dynamic-pavia-351381820.htm
Ieri alle 18:25,Pavia ,1.999 €,FIAT Ducato 2.8 Jtd 9 posti NO CLIMA,https://www.subito.it/auto/fiat-ducato-2-8-jtd-9-posti-no-clima-pavia-352263663.htm
Ieri alle 17:46,Pavia ,1.999 €,Fiat Ducato 2.8 Jtd 9 posti NO CLIMA,https://www.subito.it/auto/fiat-ducato-2-8-jtd-9-posti-no-clima-pavia-352262577.htm
Ieri alle 16:46,Pavia ,5.500 €,Audi a3,https://www.subito.it/auto/audi-a3-pavia-352254846.htm
Ieri alle 16:18,Pavia ,2.500 €,Honda CR-V 2.0 16V cat 4x4 GPL,https://www.subito.it/auto/honda-cr-v-2-0-16v-cat-4x4-gpl-pavia-352243838.htm
Ieri alle 16:02,Pavia ,4.800 €,DACIA Sandero 1.2 GPL NAVI BLUETOOTH OK NEOPATEN,https://www.subito.it/auto/dacia-sandero-1-2-gpl-navi-bluetooth-ok-neopaten-pavia-352238194.htm
Ieri alle 15:15,Pavia ,1.300 €,Fiat Punto 1.2 5 porte Active,https://www.subito.it/auto/fiat-punto-1-2-5-porte-active-pavia-352235404.htm
Ieri alle 14:46,Pavia ,22.000 €,Peugeot 172 bc,https://www.subito.it/auto/peugeot-172-bc-pavia-346852560.htm
Ieri alle 13:19,Pavia ,800 €,Alfa romeo 147 - 2006,https://www.subito.it/auto/alfa-romeo-147-2006-pavia-352222185.htm
Ieri alle 11:59,Pavia ,3.900 €,RENAULT Clio 3ª serie - 2012,https://www.subito.it/auto/renault-clio-3-serie-2012-pavia-352212047.htm
Ieri alle 10:59,Pavia ,5.500 €,Freelander 2010 automatico,https://www.subito.it/auto/freelander-2010-automatico-pavia-352198456.htm
Ieri alle 10:52,Pavia ,2.300 €,AUDI A4 3.0 V6 30V Avant quattro Aut. Navi Tetto,https://www.subito.it/auto/audi-a4-3-0-v6-30v-avant-quattro-aut-navi-tetto-pavia-352186253.htm
Ieri alle 10:47,Pavia ,4.000 €,BUICK Park Avenue 3.8 V6 ASI,https://www.subito.it/auto/buick-park-avenue-3-8-v6-asi-pavia-352184906.htm
Ieri alle 10:31,Pavia ,999 €,SAAB 9-5 2.2 TiD S.W,https://www.subito.it/auto/saab-9-5-2-2-tid-s-w-pavia-352184097.htm
Ieri alle 10:27,Pavia ,399 €,ROVER 825 SDi tdi Lusso,https://www.subito.it/auto/rover-825-sdi-tdi-lusso-pavia-352181106.htm
Ieri alle 10:23,Pavia ,399 €,VOLKSWAGEN Golf 1.9 Tdi 5 PORTE,https://www.subito.it/auto/volkswagen-golf-1-9-tdi-5-porte-pavia-352180332.htm
Ieri alle 10:21,Pavia ,8.000 €,VOLVO 240 2.0 Sedan GPL ASI Pelle Clima,https://www.subito.it/auto/volvo-240-2-0-sedan-gpl-asi-pelle-clima-pavia-352179446.htm
Ieri alle 10:14,Pavia ,1.499 €,CHRYSLER Voyager 2.5 td ASI Gancio Pelle,https://www.subito.it/auto/chrysler-voyager-2-5-td-asi-gancio-pelle-pavia-352178029.htm
Ieri alle 10:05,Pavia ,9.000 €,Tiguan sport & style,https://www.subito.it/auto/tiguan-sport-style-pavia-352176156.htm
Ieri alle 09:26,Pavia ,699 €,CHRYSLER PT Cruiser 2.2 CRD cat Limited Chrome,https://www.subito.it/auto/chrysler-pt-cruiser-2-2-crd-cat-limited-chrome-pavia-352169007.htm
Ieri alle 09:22,Pavia ,4.800 €,VOLVO 850 2.0i T 20V SW T-5 GPL Asi Gancio,https://www.subito.it/auto/volvo-850-2-0i-t-20v-sw-t-5-gpl-asi-gancio-pavia-352168557.htm
Ieri alle 09:19,Pavia ,22.000 €,Peugeot 172 bc,https://www.subito.it/auto/peugeot-172-bc-pavia-346852560.htm
Ieri alle 09:12,Pavia ,2.799 €,VOLVO V50 1.6 D DRIVe cat POLAR,https://www.subito.it/auto/volvo-v50-1-6-d-drive-cat-polar-pavia-352168132.htm
Ieri alle 09:07,Pavia ,4.999 €,MINI Clubman Cooper S 1.6 16v Pelle,https://www.subito.it/auto/mini-clubman-cooper-s-1-6-16v-pelle-pavia-352167147.htm
Ieri alle 09:02,Pavia ,1.400 €,LANCIA Musa 1.9 Multijet Platino,https://www.subito.it/auto/lancia-musa-1-9-multijet-platino-pavia-352166361.htm
Ieri alle 07:35,Pavia ,3.700 €,FORD Focus 2.0 5 porte GPL,https://www.subito.it/auto/ford-focus-2-0-5-porte-gpl-pavia-352165680.htm
13 set alle 22:01,Pavia ,5.900 €,Golf 6/ 1.6 diesel UNICO PROPRIETARIO,https://www.subito.it/auto/golf-6-1-6-diesel-unico-proprietario-pavia-352156192.htm
13 set alle 20:58,Pavia ,9.000 €,Renault scenic,https://www.subito.it/auto/renault-scenic-pavia-352144041.htm
13 set alle 19:16,Pavia ,400 €,Lancia y - 2003,https://www.subito.it/auto/lancia-y-2003-pavia-352139080.htm
13 set alle 19:08,Pavia ,9.900 €,HYUNDAI i40 - 2012,https://www.subito.it/auto/hyundai-i40-2012-pavia-352130956.htm
13 set alle 18:47,Pavia ,4.100 €,Audi A4 cambio automatico,https://www.subito.it/auto/audi-a4-cambio-automatico-pavia-352130229.htm
13 set alle 18:13,Pavia ,8.000 €,Alfa giulietta,https://www.subito.it/auto/alfa-giulietta-pavia-352128128.htm
12 set alle 22:48,Pavia ,6.900 €,RENAULT Clio 4ª serie - 2015,https://www.subito.it/auto/renault-clio-4-serie-2015-pavia-352124413.htm
12 set alle 21:42,Pavia ,13.300 €,Mercedes CLA 200 CDI 2013,https://www.subito.it/auto/mercedes-cla-200-cdi-2013-pavia-352059967.htm
12 set alle 21:41,Pavia ,16.800 €,Peugeot 2008 1.2,https://www.subito.it/auto/peugeot-2008-1-2-pavia-352056355.htm
12 set alle 16:10,Pavia ,700 €,RENAULT Clio - 2003--1.2 Benzina Neopatentati,https://www.subito.it/auto/renault-clio-2003-1-2-benzina-neopatentati-pavia-352056303.htm
12 set alle 09:35,Pavia ,11.500 €,Vw caddy tdi comfortline dsg 140 cv con pochi km,https://www.subito.it/auto/vw-caddy-tdi-comfortline-dsg-140-cv-con-pochi-km-pavia-352026558.htm
12 set alle 08:37,Pavia ,8.300 €,VOLKSWAGEN Passat 7ª serie - 2014 1.6 tdi,https://www.subito.it/auto/volkswagen-passat-7-serie-2014-1-6-tdi-pavia-351972162.htm
12 set alle 03:17,Pavia ,7.250 €,DACIA Duster 1.6 110CV 4x2 GPL Lauréate BLUETOOT,https://www.subito.it/auto/dacia-duster-1-6-110cv-4x2-gpl-laureate-bluetoot-pavia-338589017.htm
12 set alle 03:17,Pavia ,4.800 €,OPEL Corsa 1.2 3 porte Club OK NEOPATENTATI AUTO,https://www.subito.it/auto/opel-corsa-1-2-3-porte-club-ok-neopatentati-auto-pavia-351955553.htm
12 set alle 02:42,Pavia ,2.800 €,FIAT Panda 1.2 Dynamic OK NEOPATENTATI,https://www.subito.it/auto/fiat-panda-1-2-dynamic-ok-neopatentati-pavia-351955551.htm
11 set alle 17:39,Pavia ,1.300 €,Peugeot 307,https://www.subito.it/auto/peugeot-307-pavia-351954272.htm
11 set alle 15:54,Pavia ,1.000 €,Vend,https://www.subito.it/auto/vend-pavia-351918144.htm
11 set alle 15:45,Pavia ,3.800 €,Volvo xc90 (2003-2014) - 2003,https://www.subito.it/auto/volvo-xc90-2003-2014-2003-pavia-351899818.htm
11 set alle 13:05,Pavia ,1.500 €,Renault modus 2005,https://www.subito.it/auto/renault-modus-2005-pavia-351898187.htm
11 set alle 12:40,Pavia ,3.500 €,Fiat bravo 1.4 90 cv GPL,https://www.subito.it/auto/fiat-bravo-1-4-90-cv-gpl-pavia-351877642.htm
11 set alle 11:41,Pavia ,7.000 €,Fiat Panda easy 1.2 benzina,https://www.subito.it/auto/fiat-panda-easy-1-2-benzina-pavia-351862900.htm
11 set alle 10:06,Pavia ,1.300 €,Clio Storia Benzina - Ok neopatentati,https://www.subito.it/auto/clio-storia-benzina-ok-neopatentati-pavia-351844612.htm
11 set alle 09:26,Pavia ,9.300 €,MINI Altro modello - 2014,https://www.subito.it/auto/mini-altro-modello-2014-pavia-351837308.htm
11 set alle 02:55,Pavia ,7.800 €,FIAT 500L 1.3 Multijet Dualogic OK NEOPATENTATI,https://www.subito.it/auto/fiat-500l-1-3-multijet-dualogic-ok-neopatentati-pavia-351819266.htm
11 set alle 02:55,Pavia ,7.800 €,AUDI A6 2.7 V6 TDI Avant DVD 4x4 KM CERTIFICATI,https://www.subito.it/auto/audi-a6-2-7-v6-tdi-avant-dvd-4x4-km-certificati-pavia-351819265.htm
11 set alle 00:27,Pavia ,22.000 €,Peugeot 172 bc,https://www.subito.it/auto/peugeot-172-bc-pavia-346852560.htm
11 set alle 00:27,Pavia ,6.900 €,RENAULT Clio 1.5 dCi 8V OK NEOPATENTATI NAVIGATO,https://www.subito.it/auto/renault-clio-1-5-dci-8v-ok-neopatentati-navigato-pavia-345642989.htm
10 set alle 23:45,Pavia ,4.650 €,CHEVROLET Spark 1.0 GPL Eco Logic IMPIANTO GPL O,https://www.subito.it/auto/chevrolet-spark-1-0-gpl-eco-logic-impianto-gpl-o-pavia-345642983.htm
10 set alle 23:15,Pavia ,3.100 €,VOLKSWAGEN Golf 5ª serie - 2005,https://www.subito.it/auto/volkswagen-golf-5-serie-2005-pavia-351814468.htm
10 set alle 21:50,Pavia ,1.900 €,Macchinina guida Patentino,https://www.subito.it/auto/macchinina-guida-patentino-pavia-345374188.htm
10 set alle 21:17,Pavia ,5.900 €,FORD Transit 2010--2.4 Diesel,https://www.subito.it/auto/ford-transit-2010-2-4-diesel-pavia-351808010.htm
10 set alle 20:53,Pavia ,300 €,Fiat 600 1.1 Hobby,https://www.subito.it/auto/fiat-600-1-1-hobby-pavia-351805626.htm
10 set alle 19:26,Pavia ,25.000 €,Hammer 3,https://www.subito.it/auto/hammer-3-pavia-351803797.htm
10 set alle 19:15,Pavia ,6.800 €,Audi A5,https://www.subito.it/auto/audi-a5-pavia-351796492.htm
10 set alle 17:58,Pavia ,20.000 €,JEEP Altro modello - 1943,https://www.subito.it/auto/jeep-altro-modello-1943-pavia-349943996.htm
10 set alle 17:58,Pavia ,5.850 €,RENAULT Scenic X-Mod 1.5 dCi NAVIGATORE BLUETOOT,https://www.subito.it/auto/renault-scenic-x-mod-1-5-dci-navigatore-bluetoot-pavia-351782340.htm
10 set alle 16:59,Pavia ,7.250 €,DACIA Sandero Stepway 900 TCe 12V 90CV NAVIGATOR,https://www.subito.it/auto/dacia-sandero-stepway-900-tce-12v-90cv-navigator-pavia-351782332.htm
10 set alle 15:27,Pavia ,4.500 €,BMW Serie 3 (E46) - 2003,https://www.subito.it/auto/bmw-serie-3-e46-2003-pavia-351770813.htm
10 set alle 15:02,Pavia ,5.000 €,Renault avantime 2.2 td,https://www.subito.it/auto/renault-avantime-2-2-td-pavia-350363972.htm
10 set alle 08:49,Pavia ,5.900 €,Fiat grande punto 3 porte,https://www.subito.it/auto/fiat-grande-punto-3-porte-pavia-351751850.htm
10 set alle 01:59,Pavia ,2.950 €,Ford fusion unico proprietario 1.4 benzina,https://www.subito.it/auto/ford-fusion-unico-proprietario-1-4-benzina-pavia-351690554.htm
9 set alle 18:30,Pavia ,3.500 €,Fiat 500 multijet 2007,https://www.subito.it/auto/fiat-500-multijet-2007-pavia-351681052.htm
9 set alle 13:19,Pavia ,24.900 €,LAND ROVER Defender 110 2.4 TD4 SW S,https://www.subito.it/auto/land-rover-defender-110-2-4-td4-sw-s-pavia-351651430.htm
9 set alle 09:18,Pavia ,2.450 €,BMW Serie 3 (E46) - 2003,https://www.subito.it/auto/bmw-serie-3-e46-2003-pavia-351600595.htm
9 set alle 01:44,Pavia ,3.200 €,TOYOTA Aygo 1ª serie - 2009,https://www.subito.it/auto/toyota-aygo-1-serie-2009-pavia-351558244.htm
8 set alle 21:11,Pavia ,18.000 €,BMW X1 sDrive18i Attiva,https://www.subito.it/auto/bmw-x1-sdrive18i-attiva-pavia-351544774.htm
8 set alle 19:33,Pavia ,16.900 €,Audi A3 S tronic Ambition TDI 150 CV Full S-Line,https://www.subito.it/auto/audi-a3-s-tronic-ambition-tdi-150-cv-full-s-line-pavia-351532886.htm
8 set alle 19:13,Pavia ,16.900 €,Serie 3 station wagon Diesel SPORT,https://www.subito.it/auto/serie-3-station-wagon-diesel-sport-pavia-351523528.htm
8 set alle 17:17,Pavia ,11.000 €,CITROEN Mehari 600 1982,https://www.subito.it/auto/citroen-mehari-600-1982-pavia-351520521.htm
8 set alle 17:16,Pavia ,3.900 €,CHEVROLET Spark - 2010,https://www.subito.it/auto/chevrolet-spark-2010-pavia-351504878.htm
8 set alle 13:46,Pavia ,6.500 €,FORD Fiesta 6ª serie - 2013,https://www.subito.it/auto/ford-fiesta-6-serie-2013-pavia-351470581.htm
8 set alle 12:31,Pavia ,33.500 €,Mercedes Cls,https://www.subito.it/auto/mercedes-cls-pavia-351459632.htm
8 set alle 03:18,Pavia ,2.150 €,FIAT Multipla 1.6 16V Natural Power METANO,https://www.subito.it/auto/fiat-multipla-1-6-16v-natural-power-metano-pavia-351407306.htm
8 set alle 03:11,Pavia ,2.200 €,SKODA Octavia 2ª serie - 2008,https://www.subito.it/auto/skoda-octavia-2-serie-2008-pavia-351407031.htm
7 set alle 23:16,Pavia ,6.000 €,FIAT Cinquecento - Anni 70,https://www.subito.it/auto/fiat-cinquecento-anni-70-pavia-283591253.htm
7 set alle 22:56,Pavia ,22.000 €,Peugeot 172 bc,https://www.subito.it/auto/peugeot-172-bc-pavia-346852560.htm
7 set alle 20:26,Pavia ,1.400 €,Fiat punto gpl,https://www.subito.it/auto/fiat-punto-gpl-pavia-351398573.htm
7 set alle 18:30,Pavia ,3.800 €,MAZDA Mazda2 2ª serie - 2009,https://www.subito.it/auto/mazda-mazda2-2-serie-2009-pavia-351385169.htm
7 set alle 17:15,Pavia ,21.000 €,FORD S-Max 2ª serie - 2017,https://www.subito.it/auto/ford-s-max-2-serie-2017-pavia-351369415.htm
7 set alle 16:49,Pavia ,3.800 €,Smart 451,https://www.subito.it/auto/smart-451-pavia-351356104.htm
7 set alle 10:59,Pavia ,4.300 €,AUDI A4 3ª serie - 2007,https://www.subito.it/auto/audi-a4-3-serie-2007-pavia-351351212.htm
7 set alle 10:59,Pavia ,4.800 €,FORD Ka 1.3 TDCi 75CV Titanium OK NEOPATENTATI,https://www.subito.it/auto/ford-ka-1-3-tdci-75cv-titanium-ok-neopatentati-pavia-344914594.htm
7 set alle 09:40,Pavia ,3.850 €,FIAT Grande Punto 1.4 T-Jet 16V 3porte Sport TET,https://www.subito.it/auto/fiat-grande-punto-1-4-t-jet-16v-3porte-sport-tet-pavia-344914593.htm
7 set alle 08:21,Pavia ,12.500 €,Seat Leon,https://www.subito.it/auto/seat-leon-pavia-351272595.htm
6 set alle 23:15,Pavia ,5.000 €,FIAT Cinquecento - 2008,https://www.subito.it/auto/fiat-cinquecento-2008-pavia-351259903.htm
6 set alle 22:04,Pavia ,35.000 €,Maserati Quattroporte sq4,https://www.subito.it/auto/maserati-quattroporte-sq4-pavia-342299463.htm
6 set alle 17:01,Pavia ,600 €,Kia pikanto anche per sconto rottamazione,https://www.subito.it/auto/kia-pikanto-anche-per-sconto-rottamazione-pavia-351244028.htm
6 set alle 15:21,Pavia ,2.200 €,VOLKSWAGEN Golf 5ª serie - 2005,https://www.subito.it/auto/volkswagen-golf-5-serie-2005-pavia-351219674.htm
6 set alle 02:44,Pavia ,16.500 €,Kia sportage 1.7 class 116cv pack style,https://www.subito.it/auto/kia-sportage-1-7-class-116cv-pack-style-pavia-351209719.htm
5 set alle 22:35,Pavia ,2.550 €,DACIA Logan MCV 1.6 7 posti OK NEOPATENTATI,https://www.subito.it/auto/dacia-logan-mcv-1-6-7-posti-ok-neopatentati-pavia-351166369.htm
5 set alle 18:24,Pavia ,29.000 €,PORSCHE Cayenne FULL optional TAGLIANDATA,https://www.subito.it/auto/porsche-cayenne-full-optional-tagliandata-pavia-346104172.htm
5 set alle 15:11,Pavia ,30.500 €,Range Rover Evoque 2.0 TD4 180 CV 5p. HSE Dynamic,https://www.subito.it/auto/range-rover-evoque-2-0-td4-180-cv-5p-hse-dynamic-pavia-351143847.htm
5 set alle 02:55,Pavia ,8.000 €,RENAULT Clio - 1990,https://www.subito.it/auto/renault-clio-1990-pavia-351121113.htm
5 set alle 02:55,Pavia ,5.250 €,DACIA Duster 1.6 110CV 4x2 LAUREATE,https://www.subito.it/auto/dacia-duster-1-6-110cv-4x2-laureate-pavia-351046269.htm
5 set alle 02:55,Pavia ,3.750 €,RENAULT Grand Modus 1.2 16V Dynamique OK NEOPATE,https://www.subito.it/auto/renault-grand-modus-1-2-16v-dynamique-ok-neopate-pavia-351046267.htm
5 set alle 02:55,Pavia ,5.700 €,FIAT Panda 0.9 TwinAir Turbo Natural Power METAN,https://www.subito.it/auto/fiat-panda-0-9-twinair-turbo-natural-power-metan-pavia-351046266.htm
5 set alle 02:55,Pavia ,3.400 €,FIAT Bravo 1.6 MJT 105 CV Emotion OK DISTRIBUZIO,https://www.subito.it/auto/fiat-bravo-1-6-mjt-105-cv-emotion-ok-distribuzio-pavia-351046264.htm
5 set alle 02:55,Pavia ,5.350 €,SKODA Citigo 1.0 60 CV OK NEOPATENTATI,https://www.subito.it/auto/skoda-citigo-1-0-60-cv-ok-neopatentati-pavia-351046262.htm
5 set alle 02:55,Pavia ,7.250 €,CITROEN C1 Airscape VTi 68 5 porte OK NEOPATENTA,https://www.subito.it/auto/citroen-c1-airscape-vti-68-5-porte-ok-neopatenta-pavia-351046261.htm
5 set alle 02:55,Pavia ,4.250 €,SMART ForTwo 1000 52 kW coupé TETTO PANORAMICO,https://www.subito.it/auto/smart-fortwo-1000-52-kw-coupe-tetto-panoramico-pavia-351046259.htm
4 set alle 23:09,Pavia ,3.000 €,MERCEDES Serie 200 W124 1990 ASI,https://www.subito.it/auto/mercedes-serie-200-w124-1990-asi-pavia-351040761.htm
4 set alle 13:11,Pavia ,3.800 €,Audi A4,https://www.subito.it/auto/audi-a4-pavia-350969291.htm
4 set alle 11:58,Pavia ,1.050 €,Peugeot 206 - 2000,https://www.subito.it/auto/peugeot-206-2000-pavia-350957613.htm
4 set alle 11:45,Pavia ,21.900 €,BMW X1 Xdrive20 190Cv Automatica,https://www.subito.it/auto/bmw-x1-xdrive20-190cv-automatica-pavia-345217488.htm
4 set alle 11:25,Pavia ,6.500 €,FORD Fiesta 6ª serie - 2013,https://www.subito.it/auto/ford-fiesta-6-serie-2013-pavia-350952016.htm
3 set alle 23:39,Pavia ,22.000 €,Peugeot 172 bc,https://www.subito.it/auto/peugeot-172-bc-pavia-346852560.htm
3 set alle 20:04,Pavia ,23.500 €,Golf 7 gti performance stage1,https://www.subito.it/auto/golf-7-gti-performance-stage1-pavia-350901493.htm
3 set alle 16:31,Pavia ,8.500 €,Nissan juke 1.5 dci,https://www.subito.it/auto/nissan-juke-1-5-dci-pavia-350887073.htm
3 set alle 15:42,Pavia ,9.500 €,TOYOTA Land Cruiser - Maggio 2002,https://www.subito.it/auto/toyota-land-cruiser-maggio-2002-pavia-350854950.htm
3 set alle 12:52,Pavia ,100 €,Maggiolino,https://www.subito.it/auto/maggiolino-pavia-350844554.htm
3 set alle 11:55,Pavia ,4.800 €,Kia rio 1.1 disel euro 5 neopatentati,https://www.subito.it/auto/kia-rio-1-1-disel-euro-5-neopatentati-pavia-350819768.htm
3 set alle 11:49,Pavia ,5.500 €,Mini cooper sd,https://www.subito.it/auto/mini-cooper-sd-pavia-350809378.htm
3 set alle 09:43,Pavia ,4.500 €,Fiat 110 f 500 - 1975,https://www.subito.it/auto/fiat-110-f-500-1975-pavia-350808251.htm
3 set alle 06:57,Pavia ,7.900 €,BMW serie 1 f20,https://www.subito.it/auto/bmw-serie-1-f20-pavia-350792025.htm
2 set alle 20:43,Pavia ,2.800 €,Renault clio 1200,https://www.subito.it/auto/renault-clio-1200-pavia-350774951.htm
2 set alle 17:39,Pavia ,8.000 €,RENAULT Koleos 1ª serie - 2014,https://www.subito.it/auto/renault-koleos-1-serie-2014-pavia-350753903.htm
2 set alle 16:20,Pavia ,18.500 €,A180d AMG,https://www.subito.it/auto/a180d-amg-pavia-350730991.htm
2 set alle 15:18,Pavia ,9.000 €,Peugeot 108 cambio automatico 1.0,https://www.subito.it/auto/peugeot-108-cambio-automatico-1-0-pavia-350717013.htm
2 set alle 14:53,Pavia ,9.500 €,NISSAN Pathfinder - 2010,https://www.subito.it/auto/nissan-pathfinder-2010-pavia-350704693.htm
2 set alle 11:55,Pavia ,17.000 €,Jeep compass 1.6mtj 120cv business,https://www.subito.it/auto/jeep-compass-1-6mtj-120cv-business-pavia-350700860.htm
2 set alle 10:59,Pavia ,300 €,Peugeot 206 SW 1.4 HDI,https://www.subito.it/auto/peugeot-206-sw-1-4-hdi-pavia-350675466.htm
2 set alle 02:47,Pavia ,3.800 €,Opel corsa benzina,https://www.subito.it/auto/opel-corsa-benzina-pavia-350665795.htm
2 set alle 02:47,Pavia ,1.850 €,FIAT Grande Punto 1.9 MJT 120 CV 5 porte Emotion,https://www.subito.it/auto/fiat-grande-punto-1-9-mjt-120-cv-5-porte-emotion-pavia-350627943.htm
2 set alle 00:26,Pavia ,1.450 €,OPEL Corsa 1.2i 16V cat 3 porte OK NEOPATENTATI,https://www.subito.it/auto/opel-corsa-1-2i-16v-cat-3-porte-ok-neopatentati-pavia-350627942.htm
1 set alle 06:05,Pavia ,25.900 €,Tiguan,https://www.subito.it/auto/tiguan-pavia-350624582.htm
1 set alle 00:30,Pavia ,9.700 €,Polo 1.4 turbo TSI 2015 Euro6 comfortline perfetta,https://www.subito.it/auto/polo-1-4-turbo-tsi-2015-euro6-comfortline-perfetta-pavia-334705148.htm
31 ago alle 08:00,Pavia ,5.250 €,FIAT 500 1.3 Multijet 16V 75 CV Sport OK NEOPATE,https://www.subito.it/auto/fiat-500-1-3-multijet-16v-75-cv-sport-ok-neopate-pavia-344268769.htm
31 ago alle 07:45,Pavia ,10.500 €,Audi a5 spb 2.0 automatica garanzia,https://www.subito.it/auto/audi-a5-spb-2-0-automatica-garanzia-pavia-327978753.htm
31 ago alle 07:39,Pavia ,15.870 €,JAGUAR XF 1ª serie (X250) - 2012,https://www.subito.it/auto/jaguar-xf-1-serie-x250-2012-pavia-333414302.htm
30 ago alle 08:15,Pavia ,300 €,CITROEN Saxo,https://www.subito.it/auto/citroen-saxo-pavia-350342694.htm
30 ago alle 00:15,Pavia ,9.700 €,MINI Countryman Mini Cooper D Countryman ALL4,https://www.subito.it/auto/mini-countryman-mini-cooper-d-countryman-all4-pavia-344048385.htm
29 ago alle 10:44,Pavia ,5.800 €,Peugeot 208 1.4 HDi 68 CV,https://www.subito.it/auto/peugeot-208-1-4-hdi-68-cv-pavia-350168193.htm
29 ago alle 00:30,Pavia ,7.700 €,MINI Cooper S 1.6 16V INTERNI IN PELLE TETTO NAV,https://www.subito.it/auto/mini-cooper-s-1-6-16v-interni-in-pelle-tetto-nav-pavia-343931543.htm
28 ago alle 23:42,Pavia ,1.800 €,Aixam 300/400 - 2006,https://www.subito.it/auto/aixam-300-400-2006-pavia-350136443.htm
28 ago alle 21:10,Pavia ,1.800 €,OPEL Zafira 2ª serie - 2008,https://www.subito.it/auto/opel-zafira-2-serie-2008-pavia-350129252.htm
28 ago alle 20:55,Pavia ,22.000 €,Peugeot 172 bc,https://www.subito.it/auto/peugeot-172-bc-pavia-346852560.htm
28 ago alle 16:20,Pavia ,28.000 €,LANCIA Fulvia Coupè Montecarlo,https://www.subito.it/auto/lancia-fulvia-coupe-montecarlo-pavia-329058215.htm
27 ago alle 19:31,Pavia ,6.000 €,Fiat punto 1.3 mjet 85cv,https://www.subito.it/auto/fiat-punto-1-3-mjet-85cv-pavia-310907548.htm
27 ago alle 11:57,Pavia ,3.800 €,Mini 1.6 120cv,https://www.subito.it/auto/mini-1-6-120cv-pavia-349990214.htm
27 ago alle 00:25,Pavia ,10.500 €,Bmw z4 (e85) - 2004,https://www.subito.it/auto/bmw-z4-e85-2004-pavia-349922837.htm
27 ago alle 00:25,Pavia ,6.750 €,HONDA CR-V 2.2 i-CTDi 16V Exclusive TETTO INTERN,https://www.subito.it/auto/honda-cr-v-2-2-i-ctdi-16v-exclusive-tetto-intern-pavia-343672300.htm
26 ago alle 20:52,Pavia ,6.400 €,OPEL Meriva 1.4 Turbo 120CV IMPIANTO GPL Tech El,https://www.subito.it/auto/opel-meriva-1-4-turbo-120cv-impianto-gpl-tech-el-pavia-343672298.htm
26 ago alle 15:20,Pavia ,3.700 €,RENAULT Twingo 2ª serie 2010 ideale NEOPATENTATI,https://www.subito.it/auto/renault-twingo-2-serie-2010-ideale-neopatentati-pavia-349868124.htm
26 ago alle 13:40,Pavia ,7.500 €,FORD Fiesta 6ª serie - 2016,https://www.subito.it/auto/ford-fiesta-6-serie-2016-pavia-349821693.htm
26 ago alle 11:45,Pavia ,15.500 €,ALFA ROMEO Giulietta (2010) - 2017,https://www.subito.it/auto/alfa-romeo-giulietta-2010-2017-pavia-349809169.htm
25 ago alle 22:42,Pavia ,2.500 €,OPEL Corsa 4ª serie - 2010,https://www.subito.it/auto/opel-corsa-4-serie-2010-pavia-316441858.htm
25 ago alle 11:52,Pavia ,6.900 €,TOYOTA Aygo 2ª serie - 2015,https://www.subito.it/auto/toyota-aygo-2-serie-2015-pavia-349742796.htm
25 ago alle 11:36,Pavia ,1.400 €,Clio 1.5 diesel,https://www.subito.it/auto/clio-1-5-diesel-pavia-349657886.htm
25 ago alle 00:50,Pavia ,2.900 €,Peugeot 207,https://www.subito.it/auto/peugeot-207-pavia-349656252.htm
24 ago alle 21:55,Pavia ,1.950 €,RENAULT Megane Scénic Evol. 1.9 dCi RX4 Dynamiqu,https://www.subito.it/auto/renault-megane-scenic-evol-1-9-dci-rx4-dynamiqu-pavia-336465655.htm
24 ago alle 20:35,Pavia ,2.200 €,Audi a4,https://www.subito.it/auto/audi-a4-pavia-349605373.htm
24 ago alle 19:00,Pavia ,7.500 €,CHEVROLET Camaro,https://www.subito.it/auto/chevrolet-camaro-pavia-315420302.htm
24 ago alle 17:16,Pavia ,2.800 €,MINI Altro modello - 2002,https://www.subito.it/auto/mini-altro-modello-2002-pavia-349589159.htm
24 ago alle 14:41,Pavia ,1 €,VOLKSWAGEN Golf 5ª serie,https://www.subito.it/auto/volkswagen-golf-5-serie-pavia-349572841.htm
24 ago alle 13:38,Pavia ,9.500 €,BMW Serie 3 (F30/F31) - 2015,https://www.subito.it/auto/bmw-serie-3-f30-f31-2015-pavia-349545201.htm
24 ago alle 12:19,Pavia ,700 €,FORD Fiesta 4ª serie - 1998,https://www.subito.it/auto/ford-fiesta-4-serie-1998-pavia-349536750.htm
24 ago alle 11:30,Pavia ,6.000 €,CITROEN Altro modello - 1982,https://www.subito.it/auto/citroen-altro-modello-1982-pavia-349524159.htm
24 ago alle 09:39,Pavia ,8.999 €,FORD Fiesta 1.0 80 cv - 2017 - titanium navy,https://www.subito.it/auto/ford-fiesta-1-0-80-cv-2017-titanium-navy-pavia-337957713.htm
24 ago alle 07:38,Pavia ,13.900 €,Bmw Futura X3 Xdrive 2.0 Turbo Diesel 184 Cv,https://www.subito.it/auto/bmw-futura-x3-xdrive-2-0-turbo-diesel-184-cv-pavia-349495555.htm
24 ago alle 07:12,Pavia ,7.200 €,AUDI A3 cabrio unico proprietario 140cv - 2010,https://www.subito.it/auto/audi-a3-cabrio-unico-proprietario-140cv-2010-pavia-349482629.htm
24 ago alle 00:45,Pavia ,2.450 €,RENAULT Clio Storia 1.2 3P' GPL REVISIONATO VALI,https://www.subito.it/auto/renault-clio-storia-1-2-3p-gpl-revisionato-vali-pavia-336411998.htm
24 ago alle 00:45,Pavia ,6.350 €,RENAULT Clio 1.2 IMPIANTO GPL 5 porte OK NEOPATE,https://www.subito.it/auto/renault-clio-1-2-impianto-gpl-5-porte-ok-neopate-pavia-336411995.htm
24 ago alle 00:45,Pavia ,2.650 €,RENAULT Scenic 1.6 16V IMPIANTO GPL Serie Specia,https://www.subito.it/auto/renault-scenic-1-6-16v-impianto-gpl-serie-specia-pavia-336411991.htm
24 ago alle 00:45,Pavia ,7.150 €,RENAULT Clio Sporter dCi EURO6 OK NEOPATENTATI N,https://www.subito.it/auto/renault-clio-sporter-dci-euro6-ok-neopatentati-n-pavia-336411988.htm
24 ago alle 00:45,Pavia ,2.450 €,RENAULT Clio 1.2 3P Dynamique OK NEOPATENTATI OK,https://www.subito.it/auto/renault-clio-1-2-3p-dynamique-ok-neopatentati-ok-pavia-336411984.htm
24 ago alle 00:45,Pavia ,22.000 €,Peugeot 172 bc,https://www.subito.it/auto/peugeot-172-bc-pavia-346852560.htm
24 ago alle 00:45,Pavia ,28.400 €,MERCEDES-BENZ C 180 Sport NAVIGATORE LED MODELL FH,https://www.subito.it/auto/mercedes-benz-c-180-sport-navigatore-led-modell-fh-pavia-336359371.htm
23 ago alle 19:16,Pavia ,24.400 €,MERCEDES-BENZ A 200 Sport NAVIGATORE LED PELLE  FH,https://www.subito.it/auto/mercedes-benz-a-200-sport-navigatore-led-pelle-fh-pavia-336359369.htm
23 ago alle 18:27,Pavia ,13.500 €,ALFA ROMEO Giulietta,https://www.subito.it/auto/alfa-romeo-giulietta-pavia-349462576.htm
23 ago alle 13:15,Pavia ,9.500 €,AUDI A4 allroad 1ª serie - 2009,https://www.subito.it/auto/audi-a4-allroad-1-serie-2009-pavia-349458610.htm
23 ago alle 11:33,Pavia ,14.000 €,DEFENDER 90 TDI 300 del 1997,https://www.subito.it/auto/defender-90-tdi-300-del-1997-pavia-287323047.htm
22 ago alle 19:04,Pavia ,3.000 €,FIAT Doblò 2ª serie - 2009,https://www.subito.it/auto/fiat-doblo-2-serie-2009-pavia-349425924.htm
22 ago alle 18:41,Pavia ,1.700 €,Renault Twingo 2007 Benzina Neopatente OK,https://www.subito.it/auto/renault-twingo-2007-benzina-neopatente-ok-pavia-349392615.htm
22 ago alle 18:16,Pavia ,5.500 €,Fiat 500 1.3 multijet,https://www.subito.it/auto/fiat-500-1-3-multijet-pavia-349390817.htm
22 ago alle 10:24,Pavia ,10.000 €,"LAND ROVER 88"" serie 3",https://www.subito.it/auto/land-rover-88-serie-3-pavia-349388831.htm
22 ago alle 08:35,Pavia ,500 €,Opel Astra sw,https://www.subito.it/auto/opel-astra-sw-pavia-349342982.htm
22 ago alle 02:49,Pavia ,700 €,Fiat stilo sw 1.9 jtd,https://www.subito.it/auto/fiat-stilo-sw-1-9-jtd-pavia-318212416.htm
22 ago alle 02:49,Pavia ,13.400 €,VOLKSWAGEN Tiguan 2.0 TDI 140CV 4MOTION DSG Spor,https://www.subito.it/auto/volkswagen-tiguan-2-0-tdi-140cv-4motion-dsg-spor-pavia-349320213.htm
21 ago alle 16:52,Pavia ,5.800 €,FORD Fiesta 1.2 16V 3p. 1 PROPRIETARIO,https://www.subito.it/auto/ford-fiesta-1-2-16v-3p-1-proprietario-pavia-349320211.htm
21 ago alle 01:25,Pavia ,5.500 €,Permuto vitara,https://www.subito.it/auto/permuto-vitara-pavia-349287430.htm
21 ago alle 01:25,Pavia ,3.450 €,DACIA Logan MCV 1.5 dCi 7 posti OK NEOPATENTATI,https://www.subito.it/auto/dacia-logan-mcv-1-5-dci-7-posti-ok-neopatentati-pavia-331826475.htm
21 ago alle 01:25,Pavia ,4.800 €,FIAT Idea 1.3 Multijet OK NEOPATENTATI AUT 1 PRO,https://www.subito.it/auto/fiat-idea-1-3-multijet-ok-neopatentati-aut-1-pro-pavia-331826473.htm
21 ago alle 01:25,Pavia ,7.750 €,VOLVO C30 D2 Black Design EURO 5 KM ORIGINALI TE,https://www.subito.it/auto/volvo-c30-d2-black-design-euro-5-km-originali-te-pavia-331826469.htm
21 ago alle 01:25,Pavia ,4.450 €,FIAT Sedici 1.6 16V 4x4 Dynamic 1 PROPRIETARIO F,https://www.subito.it/auto/fiat-sedici-1-6-16v-4x4-dynamic-1-proprietario-f-pavia-331826467.htm
21 ago alle 01:25,Pavia ,3.950 €,FIAT Punto 1.2 GPL OK NEOP 1 PROP REVISIONE GPL,https://www.subito.it/auto/fiat-punto-1-2-gpl-ok-neop-1-prop-revisione-gpl-pavia-331826466.htm
21 ago alle 01:25,Pavia ,4.750 €,TOYOTA Auris 1.4 D-4D 3 porte OK NEOP POCHI KM V,https://www.subito.it/auto/toyota-auris-1-4-d-4d-3-porte-ok-neop-pochi-km-v-pavia-331826461.htm
21 ago alle 01:25,Pavia ,8.450 €,PEUGEOT 5008 1.6 e-HDi S&S ETG6 CAMBIO AUTOMATIC,https://www.subito.it/auto/peugeot-5008-1-6-e-hdi-s-s-etg6-cambio-automatic-pavia-331826457.htm
21 ago alle 01:25,Pavia ,1.650 €,PEUGEOT 206 1.6 HDi FAP 3 PORTE Sweet Years CLIM,https://www.subito.it/auto/peugeot-206-1-6-hdi-fap-3-porte-sweet-years-clim-pavia-331826450.htm
21 ago alle 01:25,Pavia ,2.450 €,OPEL Meriva 1.4 GPL REVISIONATO OK NEOPATENTATI,https://www.subito.it/auto/opel-meriva-1-4-gpl-revisionato-ok-neopatentati-pavia-331826443.htm
21 ago alle 01:25,Pavia ,4.450 €,CITROEN C3 1.6 HDI Exclusive UNICO PROP. EURO 5,https://www.subito.it/auto/citroen-c3-1-6-hdi-exclusive-unico-prop-euro-5-pavia-331826442.htm
21 ago alle 01:25,Pavia ,4.750 €,TOYOTA Corolla 1.4 D-4D M-MT 5P OK NEOP CAMBIO A,https://www.subito.it/auto/toyota-corolla-1-4-d-4d-m-mt-5p-ok-neop-cambio-a-pavia-331826436.htm
21 ago alle 01:25,Pavia ,6.550 €,OPEL Meriva 1.4 Turbo 120CV GPL Tech Elective 1,https://www.subito.it/auto/opel-meriva-1-4-turbo-120cv-gpl-tech-elective-1-pavia-331826435.htm
21 ago alle 01:25,Pavia ,4.250 €,DACIA Sandero 1.5 dCi 70CV OK NEOPATENTATI MOLTO,https://www.subito.it/auto/dacia-sandero-1-5-dci-70cv-ok-neopatentati-molto-pavia-331826428.htm
21 ago alle 01:25,Pavia ,4.850 €,CITROEN C3 1.4 HDi 70 OK NEOPATENTATI OK DISTRIB,https://www.subito.it/auto/citroen-c3-1-4-hdi-70-ok-neopatentati-ok-distrib-pavia-331826418.htm
21 ago alle 01:25,Pavia ,2.650 €,FIAT Croma 1.9 Multijet 16V POCHI KM TENUTA BENE,https://www.subito.it/auto/fiat-croma-1-9-multijet-16v-pochi-km-tenuta-bene-pavia-331826415.htm
21 ago alle 01:25,Pavia ,22.000 €,Peugeot 172 bc,https://www.subito.it/auto/peugeot-172-bc-pavia-346852560.htm
21 ago alle 01:25,Pavia ,4.250 €,CHEVROLET Spark 1.0 LS GPL Eco Logic IMPIANTO GP,https://www.subito.it/auto/chevrolet-spark-1-0-ls-gpl-eco-logic-impianto-gp-pavia-331826413.htm
21 ago alle 01:25,Pavia ,2.950 €,KIA Picanto 1.0 IMPIANTO GPL REVISIONATO OK NEOP,https://www.subito.it/auto/kia-picanto-1-0-impianto-gpl-revisionato-ok-neop-pavia-331826400.htm
21 ago alle 01:25,Pavia ,2.850 €,FIAT Grande Punto 1.2 GPL REVISIONATO OK NEOPATE,https://www.subito.it/auto/fiat-grande-punto-1-2-gpl-revisionato-ok-neopate-pavia-331826390.htm
21 ago alle 01:25,Pavia ,3.550 €,CHEVROLET Spark 1.0 IMPIANTO GPL OK NEOPATENTATI,https://www.subito.it/auto/chevrolet-spark-1-0-impianto-gpl-ok-neopatentati-pavia-331826388.htm
21 ago alle 01:25,Pavia ,4.450 €,CHEVROLET Spark 1.0 GPL Eco Logic IMPIANTO GPL O,https://www.subito.it/auto/chevrolet-spark-1-0-gpl-eco-logic-impianto-gpl-o-pavia-331826386.htm
21 ago alle 01:25,Pavia ,6.450 €,FIAT Panda 1.2 EasyPower Lounge GPL OK NEOPATENT,https://www.subito.it/auto/fiat-panda-1-2-easypower-lounge-gpl-ok-neopatent-pavia-331826381.htm
20 ago alle 16:38,Pavia ,2.350 €,OPEL Meriva 1.4 16V OK NEOPATENTATI FARI FENDINE,https://www.subito.it/auto/opel-meriva-1-4-16v-ok-neopatentati-fari-fendine-pavia-331826372.htm
20 ago alle 12:24,Pavia ,3.500 €,VW jetta,https://www.subito.it/auto/vw-jetta-pavia-349186875.htm
20 ago alle 00:49,Pavia ,9.900 €,INNOCENTI Mini - 1976,https://www.subito.it/auto/innocenti-mini-1976-pavia-349157059.htm
19 ago alle 16:00,Pavia ,1.700 €,SSANGYONG Kyron/New Kyron - 2006,https://www.subito.it/auto/ssangyong-kyron-new-kyron-2006-pavia-349119275.htm
19 ago alle 14:10,Pavia ,7.500 €,BMW Serie 1 (E87) - 2010,https://www.subito.it/auto/bmw-serie-1-e87-2010-pavia-332448462.htm
19 ago alle 00:25,Pavia ,1.000 €,FIAT Uno - 1991,https://www.subito.it/auto/fiat-uno-1991-pavia-302216204.htm
18 ago alle 20:40,Pavia ,4.350 €,FIAT Qubo 1.3 MJT Dynamic OK NEOPATENTATI AUTOMA,https://www.subito.it/auto/fiat-qubo-1-3-mjt-dynamic-ok-neopatentati-automa-pavia-342679910.htm
17 ago alle 19:31,Pavia ,2.300 €,HYUNDAI Atos - 2007,https://www.subito.it/auto/hyundai-atos-2007-pavia-349009137.htm
17 ago alle 18:00,Pavia ,1.500 €,Peugeot 206 - 2009,https://www.subito.it/auto/peugeot-206-2009-pavia-348894283.htm
17 ago alle 00:15,Pavia ,8.000 €,VOLKSWAGEN Caddy ecofuel 7 posti,https://www.subito.it/auto/volkswagen-caddy-ecofuel-7-posti-pavia-321846427.htm
16 ago alle 15:35,Pavia ,8.350 €,FIAT 500C 1.2 CABRIO AUT NEOPATENTATI  DOPPIO TR,https://www.subito.it/auto/fiat-500c-1-2-cabrio-aut-neopatentati-doppio-tr-pavia-342476624.htm
16 ago alle 00:20,Pavia ,20.000 €,AUDI A6 4ª serie - 2016,https://www.subito.it/auto/audi-a6-4-serie-2016-pavia-348784053.htm
15 ago alle 18:22,Pavia ,5.800 €,PEUGEOT 3008 1.6 HDi AUTOMATICA DOPPIO TRENO GOM,https://www.subito.it/auto/peugeot-3008-1-6-hdi-automatica-doppio-treno-gom-pavia-342368823.htm
15 ago alle 00:40,Pavia ,2.800 €,Ford fiesta 2.800 trattabili,https://www.subito.it/auto/ford-fiesta-2-800-trattabili-pavia-348743001.htm
14 ago alle 19:57,Pavia ,3.600 €,OPEL Astra 1.6 16V VVT 5P REVISIONE GPL FINO AL,https://www.subito.it/auto/opel-astra-1-6-16v-vvt-5p-revisione-gpl-fino-al-pavia-342203371.htm
14 ago alle 16:46,Pavia ,7.000 €,TOYOTA RAV4 2ª serie - 2004,https://www.subito.it/auto/toyota-rav4-2-serie-2004-pavia-348699743.htm
14 ago alle 11:50,Pavia ,2.500 €,Lancia Ypsilon 1.2 benzina,https://www.subito.it/auto/lancia-ypsilon-1-2-benzina-pavia-348684731.htm
14 ago alle 11:46,Pavia ,600 €,Fiat 126 bis,https://www.subito.it/auto/fiat-126-bis-pavia-300609623.htm
14 ago alle 09:44,Pavia ,8.000 €,AUDI A6 3ª serie - 2010,https://www.subito.it/auto/audi-a6-3-serie-2010-pavia-348651267.htm
13 ago alle 05:09,Pavia ,350 €,Ford Ka 1.3 1998,https://www.subito.it/auto/ford-ka-1-3-1998-pavia-348556726.htm
12 ago alle 22:40,Pavia ,3.900 €,CHEVROLET Spark - 2011,https://www.subito.it/auto/chevrolet-spark-2011-pavia-326384371.htm
11 ago alle 17:20,Pavia ,4.000 €,500l,https://www.subito.it/auto/500l-pavia-291398747.htm
11 ago alle 17:03,Pavia ,2.850 €,C4 Grand Picasso,https://www.subito.it/auto/c4-grand-picasso-pavia-348428782.htm
11 ago alle 14:47,Pavia ,22.000 €,Peugeot 172 bc,https://www.subito.it/auto/peugeot-172-bc-pavia-346852560.htm
11 ago alle 11:15,Pavia ,10.000 €,Fiat 500 1.3 multijet lounge tettuccio panoramico,https://www.subito.it/auto/fiat-500-1-3-multijet-lounge-tettuccio-panoramico-pavia-348413511.htm
11 ago alle 01:15,Pavia ,13.000 €,MERCEDES 200 E W124 con 29500 km originali,https://www.subito.it/auto/mercedes-200-e-w124-con-29500-km-originali-pavia-339398951.htm
11 ago alle 00:25,Pavia ,2.850 €,VOLKSWAGEN New Beetle 1.9 TDI OK NEOPATENTATI UN,https://www.subito.it/auto/volkswagen-new-beetle-1-9-tdi-ok-neopatentati-un-pavia-335308368.htm
10 ago alle 21:10,Pavia ,5.400 €,CITROEN C4 Picasso 1.6 HDi 110 FAP Business GANC,https://www.subito.it/auto/citroen-c4-picasso-1-6-hdi-110-fap-business-ganc-pavia-341643245.htm
10 ago alle 11:25,Pavia ,15.500 €,Mini clubman,https://www.subito.it/auto/mini-clubman-pavia-348354675.htm
10 ago alle 11:25,Pavia ,9.700 €,Chevrolet captiva sport,https://www.subito.it/auto/chevrolet-captiva-sport-pavia-329093743.htm
10 ago alle 08:58,Pavia ,10.000 €,JEEP Commander - 2006,https://www.subito.it/auto/jeep-commander-2006-pavia-328039438.htm
9 ago alle 11:25,Pavia ,2.000 €,Alfa romeo gt - 2007,https://www.subito.it/auto/alfa-romeo-gt-2007-pavia-348270907.htm
8 ago alle 15:20,Pavia ,4.300 €,Lancia Phedra 2.0 MJT 136 CV Emblema,https://www.subito.it/auto/lancia-phedra-2-0-mjt-136-cv-emblema-pavia-328990088.htm
8 ago alle 14:40,Pavia ,5.900 €,RENAULT Megane Mégane 1.5 dCi ST GT Line NAVIGAT,https://www.subito.it/auto/renault-megane-megane-1-5-dci-st-gt-line-navigat-pavia-348163248.htm
8 ago alle 13:25,Pavia ,6.500 €,ALFA ROMEO 147 1.9 JTDm 16v Q2,https://www.subito.it/auto/alfa-romeo-147-1-9-jtdm-16v-q2-pavia-234053262.htm
8 ago alle 12:00,Pavia ,3.999 €,Bmw 320 msport,https://www.subito.it/auto/bmw-320-msport-pavia-328496226.htm
8 ago alle 10:51,Pavia ,12.000 €,Porsche 924 turbo - 1982,https://www.subito.it/auto/porsche-924-turbo-1982-pavia-313115866.htm
8 ago alle 02:55,Pavia ,1.500 €,Alfa romeo 159 - 2006,https://www.subito.it/auto/alfa-romeo-159-2006-pavia-348134110.htm
8 ago alle 00:20,Pavia ,3.800 €,VOLKSWAGEN Passat 2.0 TDI DPF 4X4 SW Highline OK,https://www.subito.it/auto/volkswagen-passat-2-0-tdi-dpf-4x4-sw-highline-ok-pavia-348107525.htm
7 ago alle 15:32,Pavia ,2.350 €,RENAULT Scenic 1.5 dCi/105CV SS Dynamique TAGLIA,https://www.subito.it/auto/renault-scenic-1-5-dci-105cv-ss-dynamique-taglia-pavia-341281912.htm
7 ago alle 02:50,Pavia ,6.400 €,NISSAN Qashqai 1.6 16V BLUETOOTH BENZINA EURO 5,https://www.subito.it/auto/nissan-qashqai-1-6-16v-bluetooth-benzina-euro-5-pavia-348055601.htm
7 ago alle 00:20,Pavia ,5.250 €,FIAT 500 1.2 OK NEOPATENTATI OK DISTRIBUZIONE,https://www.subito.it/auto/fiat-500-1-2-ok-neopatentati-ok-distribuzione-pavia-347989862.htm
6 ago alle 18:51,Pavia ,1.850 €,RENAULT Twingo 1.2i cat OK NEOPATENTATI POCHI KM,https://www.subito.it/auto/renault-twingo-1-2i-cat-ok-neopatentati-pochi-km-pavia-341147074.htm
6 ago alle 14:26,Pavia ,9.000 €,Volvo Xc 70 4x4,https://www.subito.it/auto/volvo-xc-70-4x4-pavia-347964806.htm
6 ago alle 11:01,Pavia ,1.800 €,Land Rover Freelander 2 incidentato,https://www.subito.it/auto/land-rover-freelander-2-incidentato-pavia-347927855.htm
6 ago alle 10:15,Pavia ,8.500 €,SUZUKI SJ400/Samurai - 1989,https://www.subito.it/auto/suzuki-sj400-samurai-1989-pavia-347895576.htm
6 ago alle 09:35,Pavia ,6.800 €,OPEL Zafira 7 posti Metano,https://www.subito.it/auto/opel-zafira-7-posti-metano-pavia-347885916.htm
6 ago alle 08:56,Pavia ,3.900 €,Mercedes B170 benz,https://www.subito.it/auto/mercedes-b170-benz-pavia-347879531.htm
6 ago alle 03:08,Pavia ,4.450 €,LANCIA Ypsilon 1.4 Diva Ecochic GPL OK NEOPATENT,https://www.subito.it/auto/lancia-ypsilon-1-4-diva-ecochic-gpl-ok-neopatent-pavia-347861375.htm
6 ago alle 03:08,Pavia ,2.150 €,CHEVROLET Matiz 800 GPL REVISIONATO OK NEOPATENT,https://www.subito.it/auto/chevrolet-matiz-800-gpl-revisionato-ok-neopatent-pavia-347861373.htm
6 ago alle 03:08,Pavia ,5.850 €,OPEL Meriva 1.4 Turbo 120CV GPL Tech Elective 1,https://www.subito.it/auto/opel-meriva-1-4-turbo-120cv-gpl-tech-elective-1-pavia-347861372.htm
6 ago alle 02:29,Pavia ,6.000 €,Grande punto abarth,https://www.subito.it/auto/grande-punto-abarth-pavia-347860457.htm
5 ago alle 22:05,Pavia ,6.000 €,LANCIA Delta (2008-2015) - 2012,https://www.subito.it/auto/lancia-delta-2008-2015-2012-pavia-296821507.htm
5 ago alle 00:20,Pavia ,22.000 €,Peugeot 172 bc,https://www.subito.it/auto/peugeot-172-bc-pavia-346852560.htm
4 ago alle 17:25,Pavia ,5.400 €,DAIHATSU Terios 1.5 4WD CRONOLOGIA TAGLIANDI,https://www.subito.it/auto/daihatsu-terios-1-5-4wd-cronologia-tagliandi-pavia-340862150.htm
4 ago alle 15:38,Pavia ,14.200 €,Fiat 500X2.0 multijet 140cv 4x4,https://www.subito.it/auto/fiat-500x2-0-multijet-140cv-4x4-pavia-347700250.htm
3 ago alle 18:42,Pavia ,10 €,SUBARU Impreza 3ª serie - 2003,https://www.subito.it/auto/subaru-impreza-3-serie-2003-pavia-347682462.htm
3 ago alle 18:24,Pavia ,3.700 €,LANCIA Ypsilon 2ª serie - 2008,https://www.subito.it/auto/lancia-ypsilon-2-serie-2008-pavia-347579896.htm
3 ago alle 00:30,Pavia ,5.500 €,MINI Mini Clubman (R55) - 2010,https://www.subito.it/auto/mini-mini-clubman-r55-2010-pavia-347577199.htm
2 ago alle 11:24,Pavia ,12.750 €,VOLKSWAGEN Golf 1.6 TDI 5P 1 PROPR. KM CERTIFICA,https://www.subito.it/auto/volkswagen-golf-1-6-tdi-5p-1-propr-km-certifica-pavia-340571300.htm
2 ago alle 00:15,Pavia ,20.000 €,Mercedes c250 AMG line,https://www.subito.it/auto/mercedes-c250-amg-line-pavia-347430778.htm
1 ago alle 17:34,Pavia ,14.800 €,AUDI A6 Avant 2.0 TDI 177 CV NAVIGATORE GANCIO T,https://www.subito.it/auto/audi-a6-avant-2-0-tdi-177-cv-navigatore-gancio-t-pavia-340462032.htm
1 ago alle 16:00,Pavia ,5.500 €,Mitsubishi Pajero 3200cc 2007 *Valuto scambi,https://www.subito.it/auto/mitsubishi-pajero-3200cc-2007-valuto-scambi-pavia-347391780.htm
1 ago alle 13:11,Pavia ,4.000 €,FIAT Punto Evo DIESEL Mjt 75CV - 2011,https://www.subito.it/auto/fiat-punto-evo-diesel-mjt-75cv-2011-pavia-347383523.htm
1 ago alle 11:51,Pavia ,14.500 €,Toyota RAV4,https://www.subito.it/auto/toyota-rav4-pavia-347368575.htm
1 ago alle 09:15,Pavia ,12.000 €,FIAT Panda Cross - 2015,https://www.subito.it/auto/fiat-panda-cross-2015-pavia-347358057.htm
1 ago alle 08:32,Pavia ,7.500 €,BMW 325 (e36) cabrio immatricolata asi,https://www.subito.it/auto/bmw-325-e36-cabrio-immatricolata-asi-pavia-343878646.htm
31 lug alle 18:13,Pavia ,4.000 €,VOLKSWAGEN Maggiolino - 1971,https://www.subito.it/auto/volkswagen-maggiolino-1971-pavia-347334286.htm
31 lug alle 18:13,Pavia ,4.800 €,OPEL Zafira 1.8 7 POSTI Cosmo OK DISTRIBUZIONE 1,https://www.subito.it/auto/opel-zafira-1-8-7-posti-cosmo-ok-distribuzione-1-pavia-347292184.htm
31 lug alle 17:45,Pavia ,5.250 €,VOLKSWAGEN Passat 2.0 TDI DPF Var. DSG AUTOMATIC,https://www.subito.it/auto/volkswagen-passat-2-0-tdi-dpf-var-dsg-automatic-pavia-347292176.htm
31 lug alle 17:44,Pavia ,4.700 €,Alfa Romeo Mito 1.4 105kw anno 2010,https://www.subito.it/auto/alfa-romeo-mito-1-4-105kw-anno-2010-pavia-347287927.htm
30 lug alle 23:38,Pavia ,2.650 €,Peugeot 207 - 2009,https://www.subito.it/auto/peugeot-207-2009-pavia-347287811.htm
30 lug alle 20:00,Pavia ,5.750 €,VOLVO V50 2.0 D AUTOMATICA,https://www.subito.it/auto/volvo-v50-2-0-d-automatica-pavia-347179573.htm
30 lug alle 12:51,Pavia ,1.400 €,Fiat palio,https://www.subito.it/auto/fiat-palio-pavia-347163639.htm
29 lug alle 18:57,Pavia ,14.000 €,MERCEDES Classe CLS (C219) - 2008,https://www.subito.it/auto/mercedes-classe-cls-c219-2008-pavia-347109296.htm
29 lug alle 15:59,Pavia ,30.000 €,FORD Altro modello,https://www.subito.it/auto/ford-altro-modello-pavia-347040939.htm
29 lug alle 13:32,Pavia ,4.850 €,FORD C-Max TITANIUM 2ª serie - 2011 - EURO 5 FAP,https://www.subito.it/auto/ford-c-max-titanium-2-serie-2011-euro-5-fap-pavia-347016236.htm
29 lug alle 11:11,Pavia ,3.350 €,VOLKSWAGEN Golf 5ª serie - 2005,https://www.subito.it/auto/volkswagen-golf-5-serie-2005-pavia-346999560.htm
29 lug alle 00:22,Pavia ,24.000 €,Fiat 124 spider sport prima serie 2^ versione 1968,https://www.subito.it/auto/fiat-124-spider-sport-prima-serie-2-versione-1968-pavia-346946178.htm
28 lug alle 16:43,Pavia ,27.000 €,Evoque HSE Automatic Diesel cv150,https://www.subito.it/auto/evoque-hse-automatic-diesel-cv150-pavia-346906077.htm
28 lug alle 14:42,Pavia ,12.900 €,Bmw z4 (e85) - 2007,https://www.subito.it/auto/bmw-z4-e85-2007-pavia-346889795.htm
28 lug alle 00:20,Pavia ,1.450 €,CITROEN Xsara Picasso 1.6 BENZINA,https://www.subito.it/auto/citroen-xsara-picasso-1-6-benzina-pavia-339812500.htm
27 lug alle 21:33,Pavia ,8.000 €,OPEL Insignia - 2015,https://www.subito.it/auto/opel-insignia-2015-pavia-346814804.htm
27 lug alle 20:40,Pavia ,22.000 €,Peugeot 172 bc,https://www.subito.it/auto/peugeot-172-bc-pavia-346852560.htm
27 lug alle 16:48,Pavia ,17.000 €,Mg midget mki,https://www.subito.it/auto/mg-midget-mki-pavia-346810588.htm
27 lug alle 15:33,Pavia ,10.000 €,FIAT Freemont - 2013,https://www.subito.it/auto/fiat-freemont-2013-pavia-346780071.htm
27 lug alle 08:34,Pavia ,9.000 €,Ford Cmax 1.6 GPL 2015 titanium,https://www.subito.it/auto/ford-cmax-1-6-gpl-2015-titanium-pavia-346768153.htm
26 lug alle 19:31,Pavia ,1.500 €,DAF 55 variomatic,https://www.subito.it/auto/daf-55-variomatic-pavia-346709188.htm
26 lug alle 15:38,Pavia ,24.500 €,Audi Q2 tdi quattro s.tronic sport,https://www.subito.it/auto/audi-q2-tdi-quattro-s-tronic-sport-pavia-346684194.htm
26 lug alle 15:13,Pavia ,7.900 €,BMW 520d Touring Business Automatica Sport,https://www.subito.it/auto/bmw-520d-touring-business-automatica-sport-pavia-346666182.htm
26 lug alle 11:10,Pavia ,1.500 €,Audi A3,https://www.subito.it/auto/audi-a3-pavia-346664325.htm
26 lug alle 09:40,Pavia ,13.500 €,VOLKSWAGEN Maggiolino - 1963,https://www.subito.it/auto/volkswagen-maggiolino-1963-pavia-346645885.htm
25 lug alle 17:57,Pavia ,5.500 €,Peugeot 306 gti 6m,https://www.subito.it/auto/peugeot-306-gti-6m-pavia-346639441.htm
25 lug alle 10:54,Pavia ,1.400 €,Peugeot 307 - 2003,https://www.subito.it/auto/peugeot-307-2003-pavia-346606084.htm
23 lug alle 21:35,Pavia ,5.000 €,SEAT Mii - 2013,https://www.subito.it/auto/seat-mii-2013-pavia-346559276.htm
23 lug alle 15:37,Pavia ,1.300 €,Alfa romeo 147,https://www.subito.it/auto/alfa-romeo-147-pavia-346391893.htm
22 lug alle 11:04,Pavia ,31.500 €,AUDI S3 2.0 310cv,https://www.subito.it/auto/audi-s3-2-0-310cv-pavia-346350054.htm
21 lug alle 14:10,Pavia ,500 €,Seat ibiza del 2006,https://www.subito.it/auto/seat-ibiza-del-2006-pavia-346174243.htm
21 lug alle 04:49,Pavia ,5.300 €,Volkswagen Jetta 2.0 benzina 150CV,https://www.subito.it/auto/volkswagen-jetta-2-0-benzina-150cv-pavia-346068822.htm
20 lug alle 21:49,Pavia ,2.500 €,Seat ibiza 1.4 benzina/gpl,https://www.subito.it/auto/seat-ibiza-1-4-benzina-gpl-pavia-346006560.htm
20 lug alle 20:32,Pavia ,15.000 €,BMW 520d,https://www.subito.it/auto/bmw-520d-pavia-345992531.htm
20 lug alle 19:19,Pavia ,27.900 €,BMW X5 Xdrive 25D,https://www.subito.it/auto/bmw-x5-xdrive-25d-pavia-345985246.htm
20 lug alle 10:54,Pavia ,2.000 €,CHRYSLER PT Cruiser - 2003,https://www.subito.it/auto/chrysler-pt-cruiser-2003-pavia-345977809.htm
20 lug alle 10:17,Pavia ,2.599 €,PEUGEOT 206 - 1.4 hdi EURO 5 FAP OK neopatentati,https://www.subito.it/auto/peugeot-206-1-4-hdi-euro-5-fap-ok-neopatentati-pavia-345900585.htm
19 lug alle 17:26,Pavia ,5.000 €,Ford fiesta 1.4 tdci 2008,https://www.subito.it/auto/ford-fiesta-1-4-tdci-2008-pavia-345893450.htm
19 lug alle 11:32,Pavia ,3.800 €,Fiat punto gpl 150 anniversario,https://www.subito.it/auto/fiat-punto-gpl-150-anniversario-pavia-345842898.htm
18 lug alle 22:28,Pavia ,6.000 €,MERCEDES Classe C (W/S204) - 2010,https://www.subito.it/auto/mercedes-classe-c-w-s204-2010-pavia-345811800.htm
17 lug alle 19:44,Pavia ,6.500 €,Mercedes Benz classe E,https://www.subito.it/auto/mercedes-benz-classe-e-pavia-345788143.htm
15 lug alle 15:46,Pavia ,950 €,AUDI A6 1995--2.0 Benzina,https://www.subito.it/auto/audi-a6-1995-2-0-benzina-pavia-345358012.htm
15 lug alle 08:34,Pavia ,4.900 €,Jeep Grand Cherokee,https://www.subito.it/auto/jeep-grand-cherokee-pavia-345293514.htm
14 lug alle 13:09,Pavia ,17.200 €,PORSCHE Cayenne 3.6 V6,https://www.subito.it/auto/porsche-cayenne-3-6-v6-pavia-345199814.htm
13 lug alle 19:20,Pavia ,12.950 €,Renault megane 2018,https://www.subito.it/auto/renault-megane-2018-pavia-342327199.htm
13 lug alle 19:18,Pavia ,3.200 €,La macchina per te,https://www.subito.it/auto/la-macchina-per-te-pavia-345111469.htm
13 lug alle 17:07,Pavia ,22.000 €,Peugeot 172 bc,https://www.subito.it/auto/peugeot-172-bc-pavia-346852560.htm
13 lug alle 01:21,Pavia ,1.700 €,VOLKSWAGEN Golf 2ª serie - 2004,https://www.subito.it/auto/volkswagen-golf-2-serie-2004-pavia-345091222.htm
12 lug alle 23:39,Pavia ,2.700 €,Peugeot 307 - 2006,https://www.subito.it/auto/peugeot-307-2006-pavia-344999849.htm
12 lug alle 19:28,Pavia ,5.000 €,Polo,https://www.subito.it/auto/polo-pavia-344997845.htm
11 lug alle 09:27,Pavia ,40.000 €,Volvo xc90d5 r design,https://www.subito.it/auto/volvo-xc90d5-r-design-pavia-344982444.htm
10 lug alle 23:09,Pavia ,10.900 €,Mercedes Classe B,https://www.subito.it/auto/mercedes-classe-b-pavia-344826538.htm
10 lug alle 15:00,Pavia ,21.500 €,Range rover evoque,https://www.subito.it/auto/range-rover-evoque-pavia-344796565.htm
9 lug alle 20:55,Pavia ,950 €,Mercedes classe A,https://www.subito.it/auto/mercedes-classe-a-pavia-344729751.htm
9 lug alle 13:11,Pavia ,600 €,Ford Fiesta,https://www.subito.it/auto/ford-fiesta-pavia-344639974.htm
9 lug alle 13:01,Pavia ,2.800 €,Panda 4x4,https://www.subito.it/auto/panda-4x4-pavia-344579820.htm
7 lug alle 17:24,Pavia ,18.000 €,Lotus Elan M100 S1 turbo cabrio asi,https://www.subito.it/auto/lotus-elan-m100-s1-turbo-cabrio-asi-pavia-344577874.htm
7 lug alle 00:45,Pavia ,400 €,OPEL Corsa 2ª serie - 1992,https://www.subito.it/auto/opel-corsa-2-serie-1992-pavia-344356493.htm
6 lug alle 19:17,Pavia ,6.600 €,VOLKSWAGEN Passat 6ª serie - 2010,https://www.subito.it/auto/volkswagen-passat-6-serie-2010-pavia-344265731.htm
6 lug alle 17:02,Pavia ,37.499 €,"Porsche cayenne 3.0D-RESTYLING , EURO6",https://www.subito.it/auto/porsche-cayenne-3-0d-restyling-euro6-pavia-344236987.htm
6 lug alle 16:30,Pavia ,500 €,Peugeot 206 - 2002,https://www.subito.it/auto/peugeot-206-2002-pavia-344215462.htm
6 lug alle 14:13,Pavia ,18.300 €,BMW Serie 1 (F20) - 2018,https://www.subito.it/auto/bmw-serie-1-f20-2018-pavia-344209969.htm
4 lug alle 21:57,Pavia ,650 €,HYUNDAI Matrix - 2005,https://www.subito.it/auto/hyundai-matrix-2005-pavia-344189656.htm
2 lug alle 16:53,Pavia ,5.500 €,Smart 1000,https://www.subito.it/auto/smart-1000-pavia-344039564.htm
2 lug alle 13:16,Pavia ,1.500 €,Hyundai atos,https://www.subito.it/auto/hyundai-atos-pavia-343754350.htm
1 lug alle 23:48,Pavia ,850 €,Ford escort,https://www.subito.it/auto/ford-escort-pavia-343724140.htm
1 lug alle 19:17,Pavia ,4.900 €,Kia sportage benzina e GPL 4x4,https://www.subito.it/auto/kia-sportage-benzina-e-gpl-4x4-pavia-343667093.htm
1 lug alle 11:53,Pavia ,12.000 €,Audi A3 sbk,https://www.subito.it/auto/audi-a3-sbk-pavia-343645001.htm
1 lug alle 10:05,Pavia ,14.973 €,Golf 7,https://www.subito.it/auto/golf-7-pavia-343580403.htm
1 lug alle 08:49,Pavia ,3.400 €,Landrover freelander,https://www.subito.it/auto/landrover-freelander-pavia-343561404.htm
30 giu alle 14:41,Pavia ,79.000 €,Porsche 901/911/912('63-88) - 1969,https://www.subito.it/auto/porsche-901-911-912-63-88-1969-pavia-343550911.htm
28 giu alle 20:09,Pavia ,30.000 €,AUDI TT 2ª serie - 2010,https://www.subito.it/auto/audi-tt-2-serie-2010-pavia-343244420.htm
28 giu alle 18:43,Pavia ,1.500 €,Hyundai atos,https://www.subito.it/auto/hyundai-atos-pavia-343237843.htm
28 giu alle 17:48,Pavia ,18.800 €,FORD Focus 4ª s. 18--> - 2018,https://www.subito.it/auto/ford-focus-4-s-18-2018-pavia-343232407.htm
27 giu alle 21:33,Pavia ,2.850 €,Pegeut 207,https://www.subito.it/auto/pegeut-207-pavia-343172976.htm
25 giu alle 18:10,Pavia ,2.000 €,Ford fiesta cilíndrate 1200,https://www.subito.it/auto/ford-fiesta-cilindrate-1200-pavia-342914502.htm
25 giu alle 14:05,Pavia ,22.000 €,Peugeot 172 bc,https://www.subito.it/auto/peugeot-172-bc-pavia-346852560.htm
25 giu alle 08:14,Pavia ,26.900 €,Mercedes-Benz Classe C C 200 C SW 200 d (BT) ...,https://www.subito.it/auto/mercedes-benz-classe-c-c-200-c-sw-200-d-bt-pavia-342878253.htm
24 giu alle 20:53,Pavia ,2.400 €,FIAT Altro modello - 2010,https://www.subito.it/auto/fiat-altro-modello-2010-pavia-342825957.htm
24 giu alle 07:59,Pavia ,2.300 €,Opel Corsa,https://www.subito.it/auto/opel-corsa-pavia-342797754.htm
23 giu alle 18:13,Pavia ,20.900 €,Mercedes-Benz,https://www.subito.it/auto/mercedes-benz-pavia-342686405.htm
23 giu alle 13:08,Pavia ,22.900 €,ALFA ROMEO Giulia (2016) - 2018,https://www.subito.it/auto/alfa-romeo-giulia-2016-2018-pavia-342643842.htm
23 giu alle 09:22,Pavia ,1.800 €,Mitsubishi colt 1.1 2006,https://www.subito.it/auto/mitsubishi-colt-1-1-2006-pavia-342597248.htm
22 giu alle 18:47,Pavia ,2.000 €,Alfa romeo 155 ts 1.8 l 1995 - asi crs,https://www.subito.it/auto/alfa-romeo-155-ts-1-8-l-1995-asi-crs-pavia-342560537.htm
22 giu alle 09:00,Pavia ,2.000 €,Fiesta mk6,https://www.subito.it/auto/fiesta-mk6-pavia-342507841.htm
21 giu alle 20:59,Pavia ,3.200 €,Suzuki Swift,https://www.subito.it/auto/suzuki-swift-pavia-342417145.htm
21 giu alle 09:20,Pavia ,8.000 €,AUDI A5 1ª serie - 2007,https://www.subito.it/auto/audi-a5-1-serie-2007-pavia-342391986.htm
19 giu alle 15:57,Pavia ,5.500 €,BMW Serie 3 (E92) - 2007,https://www.subito.it/auto/bmw-serie-3-e92-2007-pavia-342327317.htm
16 giu alle 22:40,Pavia ,3.500 €,Smart cabrio ven.do o sca.mbio,https://www.subito.it/auto/smart-cabrio-ven-do-o-sca-mbio-pavia-342141441.htm
16 giu alle 10:52,Pavia ,12.800 €,Abarth 595,https://www.subito.it/auto/abarth-595-pavia-341782560.htm
15 giu alle 19:51,Pavia ,5.000 €,Citoen C3,https://www.subito.it/auto/citoen-c3-pavia-341676798.htm
15 giu alle 16:15,Pavia ,2.000 €,Renault kangoo 1.2 benzina,https://www.subito.it/auto/renault-kangoo-1-2-benzina-pavia-341615835.htm
15 giu alle 10:17,Pavia ,42.000 €,Bmw M3 full carbonio,https://www.subito.it/auto/bmw-m3-full-carbonio-pavia-341579191.htm
14 giu alle 13:28,Pavia ,650 €,Fiat Panda,https://www.subito.it/auto/fiat-panda-pavia-341519787.htm
13 giu alle 12:03,Pavia ,1.500 €,Smart 450 benzina solo 77000 km,https://www.subito.it/auto/smart-450-benzina-solo-77000-km-pavia-341432837.htm
13 giu alle 11:08,Pavia ,1 €,TOYOTA Celica (1985-93) - 1989,https://www.subito.it/auto/toyota-celica-1985-93-1989-pavia-341320605.htm
10 giu alle 23:02,Pavia ,11.000 €,OPEL Mokka - 2015,https://www.subito.it/auto/opel-mokka-2015-pavia-341312899.htm
9 giu alle 17:16,Pavia ,2.500 €,RENAULT Clio 2ª serie - 2001,https://www.subito.it/auto/renault-clio-2-serie-2001-pavia-340999373.htm
7 giu alle 13:48,Pavia ,8.500 €,SMART fortwo 3ªs.(C/A453) - 2017,https://www.subito.it/auto/smart-fortwo-3s-c-a453-2017-pavia-340813274.htm
3 giu alle 14:16,Pavia ,4.000 €,LANCIA Ypsilon 2ª serie - 2007,https://www.subito.it/auto/lancia-ypsilon-2-serie-2007-pavia-340503296.htm
3 giu alle 13:55,Pavia ,6.500 €,SUZUKI Jimny 4ª serie - 2005,https://www.subito.it/auto/suzuki-jimny-4-serie-2005-pavia-339976490.htm
3 giu alle 13:27,Pavia ,17.600 €,MINI Mini 2ª serie - 2017,https://www.subito.it/auto/mini-mini-2-serie-2017-pavia-339969852.htm
31 mag alle 16:58,Pavia ,9.500 €,Bmw f30 316d,https://www.subito.it/auto/bmw-f30-316d-pavia-339637869.htm
31 mag alle 13:07,Pavia ,1.200 €,FIAT Stilo - 2006,https://www.subito.it/auto/fiat-stilo-2006-pavia-339611181.htm
31 mag alle 09:34,Pavia ,3.000 €,LANCIA Ypsilon 2ª serie - 2004,https://www.subito.it/auto/lancia-ypsilon-2-serie-2004-pavia-339588823.htm
30 mag alle 19:08,Pavia ,700 €,OPEL Astra - 2004,https://www.subito.it/auto/opel-astra-2004-pavia-339558996.htm
30 mag alle 17:15,Pavia ,22.000 €,Peugeot 172 bc,https://www.subito.it/auto/peugeot-172-bc-pavia-346852560.htm
30 mag alle 16:42,Pavia ,250 €,Clio GPL 2002 a Chiavari,https://www.subito.it/auto/clio-gpl-2002-a-chiavari-pavia-339546301.htm
30 mag alle 12:31,Pavia ,2.500 €,Opel Zafira 1.9 cdti,https://www.subito.it/auto/opel-zafira-1-9-cdti-pavia-339542490.htm
29 mag alle 20:29,Pavia ,6.500 €,LANCIA Ypsilon - 2015,https://www.subito.it/auto/lancia-ypsilon-2015-pavia-339511984.htm
29 mag alle 08:51,Pavia ,2.500 €,ALFA ROMEO 147 2ª serie - 2006,https://www.subito.it/auto/alfa-romeo-147-2-serie-2006-pavia-339448919.htm
28 mag alle 18:09,Pavia ,2.900 €,Renault modus,https://www.subito.it/auto/renault-modus-pavia-339346201.htm
28 mag alle 17:04,Pavia ,3.600 €,Mini cooper S r53,https://www.subito.it/auto/mini-cooper-s-r53-pavia-339300113.htm
26 mag alle 22:58,Pavia ,1.300 €,Fiat Punto 1.2 benzina 2000 76mila km,https://www.subito.it/auto/fiat-punto-1-2-benzina-2000-76mila-km-pavia-339290281.htm
25 mag alle 11:56,Pavia ,22.500 €,MERCEDES Classe A (W176) - 2017,https://www.subito.it/auto/mercedes-classe-a-w176-2017-pavia-339058694.htm
24 mag alle 19:22,Pavia ,6.500 €,Kia Sportage 2.7 v6 AWD Pelle aut. GPL,https://www.subito.it/auto/kia-sportage-2-7-v6-awd-pelle-aut-gpl-pavia-306804535.htm
24 mag alle 12:45,Pavia ,5.600 €,Volvo v50 r design,https://www.subito.it/auto/volvo-v50-r-design-pavia-338768323.htm
23 mag alle 12:43,Pavia ,700 €,Alfa romeo 147 - 2002,https://www.subito.it/auto/alfa-romeo-147-2002-pavia-338728524.htm
22 mag alle 07:31,Pavia ,4.000 €,Ford Fiesta 1.4 TDCI Titanium 2009,https://www.subito.it/auto/ford-fiesta-1-4-tdci-titanium-2009-pavia-338626981.htm
21 mag alle 16:04,Pavia ,2.300 €,Volvo V 70,https://www.subito.it/auto/volvo-v-70-pavia-338466963.htm
18 mag alle 22:17,Pavia ,1.500 €,Fiat bravo 1.4 benzina,https://www.subito.it/auto/fiat-bravo-1-4-benzina-pavia-338409631.htm
18 mag alle 21:14,Pavia ,3.000 €,Y10 4x4 anno 1988,https://www.subito.it/auto/y10-4x4-anno-1988-pavia-338059963.htm
18 mag alle 17:14,Pavia ,10.500 €,Citroen Ds3 1.2 thp 131 ci,https://www.subito.it/auto/citroen-ds3-1-2-thp-131-ci-pavia-338054435.htm
16 mag alle 09:49,Pavia ,12.500 €,MERCEDES Classe A (V177) - 2014,https://www.subito.it/auto/mercedes-classe-a-v177-2014-pavia-338024939.htm
15 mag alle 22:40,Pavia ,1.400 €,Citroen c4 - 2006,https://www.subito.it/auto/citroen-c4-2006-pavia-337747486.htm
15 mag alle 18:27,Pavia ,8.000 €,BMW 320d COUPE' FUTURA,https://www.subito.it/auto/bmw-320d-coupe-futura-pavia-337720398.htm
14 mag alle 20:24,Pavia ,2.000 €,Macchina cinquantino,https://www.subito.it/auto/macchina-cinquantino-pavia-337696858.htm
14 mag alle 09:54,Pavia ,3.000 €,MINI Mini 1ª serie - 2001,https://www.subito.it/auto/mini-mini-1-serie-2001-pavia-337588695.htm
13 mag alle 18:48,Pavia ,18.000 €,SUBARU Impreza 2ª serie - 2002,https://www.subito.it/auto/subaru-impreza-2-serie-2002-pavia-337504442.htm
13 mag alle 17:10,Pavia ,3.500 €,Vendita Polo,https://www.subito.it/auto/vendita-polo-pavia-337455024.htm
13 mag alle 16:30,Pavia ,18.500 €,BMW Serie 2 A.T. (F45) - 2014,https://www.subito.it/auto/bmw-serie-2-a-t-f45-2014-pavia-337440002.htm
